name,batch_input_shape,filters,kernel_size,activation,padding,strides,pool_size,units,dtype,trainable,use_bias,axis,scale,moving_mean_initializer,bias_regularizer,moving_variance_initializer,gamma_constraint,bias_initializer,beta_regularizer,activity_regularizer,momentum,gamma_initializer,kernel_initializer,kernel_constraint,epsilon,beta_initializer,beta_constraint,center,bias_constraint,data_format,dilation_rate,kernel_regularizer,sparse,gamma_regularizer
input_3,"(?, 224, 224, 3)",,,,,,,,float32,,,,,,,,,,,,,,,,,,,,,,,,False,
conv1_pad,"(?, 230, 230, 3)",,,,"((3, 3), (3, 3))",,,,,True,,,,,,,,,,,,,,,,,,,,channels_last,,,,
conv1,"(?, 112, 112, 64)",64,"(7, 7)",linear,valid,"(2, 2)",,,,True,True,,,,,,,"{'class_name': 'Zeros', 'config': {}}",,,,,"{'class_name': 'VarianceScaling', 'config': {'distribution': 'uniform', 'scale': 1.0, 'seed': None, 'mode': 'fan_avg'}}",,,,,,,channels_last,"(1, 1)",,,
bn_conv1,"(?, 112, 112, 64)",,,,,,,,,True,,3,True,"{'class_name': 'Zeros', 'config': {}}",,"{'class_name': 'Ones', 'config': {}}",,,,,0.99,"{'class_name': 'Ones', 'config': {}}",,,0.001,"{'class_name': 'Zeros', 'config': {}}",,True,,,,,,
activation_1,"(?, 112, 112, 64)",,,relu,,,,,,True,,,,,,,,,,,,,,,,,,,,,,,,
max_pooling2d_1,"(?, 55, 55, 64)",,,,valid,"(2, 2)","(3, 3)",,,True,,,,,,,,,,,,,,,,,,,,channels_last,,,,
res2a_branch2a,"(?, 55, 55, 64)",64,"(1, 1)",linear,valid,"(1, 1)",,,,True,True,,,,,,,"{'class_name': 'Zeros', 'config': {}}",,,,,"{'class_name': 'VarianceScaling', 'config': {'distribution': 'uniform', 'scale': 1.0, 'seed': None, 'mode': 'fan_avg'}}",,,,,,,channels_last,"(1, 1)",,,
bn2a_branch2a,"(?, 55, 55, 64)",,,,,,,,,True,,3,True,"{'class_name': 'Zeros', 'config': {}}",,"{'class_name': 'Ones', 'config': {}}",,,,,0.99,"{'class_name': 'Ones', 'config': {}}",,,0.001,"{'class_name': 'Zeros', 'config': {}}",,True,,,,,,
activation_2,"(?, 55, 55, 64)",,,relu,,,,,,True,,,,,,,,,,,,,,,,,,,,,,,,
res2a_branch2b,"(?, 55, 55, 64)",64,"(3, 3)",linear,same,"(1, 1)",,,,True,True,,,,,,,"{'class_name': 'Zeros', 'config': {}}",,,,,"{'class_name': 'VarianceScaling', 'config': {'distribution': 'uniform', 'scale': 1.0, 'seed': None, 'mode': 'fan_avg'}}",,,,,,,channels_last,"(1, 1)",,,
bn2a_branch2b,"(?, 55, 55, 64)",,,,,,,,,True,,3,True,"{'class_name': 'Zeros', 'config': {}}",,"{'class_name': 'Ones', 'config': {}}",,,,,0.99,"{'class_name': 'Ones', 'config': {}}",,,0.001,"{'class_name': 'Zeros', 'config': {}}",,True,,,,,,
activation_3,"(?, 55, 55, 64)",,,relu,,,,,,True,,,,,,,,,,,,,,,,,,,,,,,,
res2a_branch2c,"(?, 55, 55, 256)",256,"(1, 1)",linear,valid,"(1, 1)",,,,True,True,,,,,,,"{'class_name': 'Zeros', 'config': {}}",,,,,"{'class_name': 'VarianceScaling', 'config': {'distribution': 'uniform', 'scale': 1.0, 'seed': None, 'mode': 'fan_avg'}}",,,,,,,channels_last,"(1, 1)",,,
res2a_branch1,"(?, 55, 55, 256)",256,"(1, 1)",linear,valid,"(1, 1)",,,,True,True,,,,,,,"{'class_name': 'Zeros', 'config': {}}",,,,,"{'class_name': 'VarianceScaling', 'config': {'distribution': 'uniform', 'scale': 1.0, 'seed': None, 'mode': 'fan_avg'}}",,,,,,,channels_last,"(1, 1)",,,
bn2a_branch2c,"(?, 55, 55, 256)",,,,,,,,,True,,3,True,"{'class_name': 'Zeros', 'config': {}}",,"{'class_name': 'Ones', 'config': {}}",,,,,0.99,"{'class_name': 'Ones', 'config': {}}",,,0.001,"{'class_name': 'Zeros', 'config': {}}",,True,,,,,,
bn2a_branch1,"(?, 55, 55, 256)",,,,,,,,,True,,3,True,"{'class_name': 'Zeros', 'config': {}}",,"{'class_name': 'Ones', 'config': {}}",,,,,0.99,"{'class_name': 'Ones', 'config': {}}",,,0.001,"{'class_name': 'Zeros', 'config': {}}",,True,,,,,,
add_1,"(?, 55, 55, 256)",,,,,,,,,True,,,,,,,,,,,,,,,,,,,,,,,,
activation_4,"(?, 55, 55, 256)",,,relu,,,,,,True,,,,,,,,,,,,,,,,,,,,,,,,
res2b_branch2a,"(?, 55, 55, 64)",64,"(1, 1)",linear,valid,"(1, 1)",,,,True,True,,,,,,,"{'class_name': 'Zeros', 'config': {}}",,,,,"{'class_name': 'VarianceScaling', 'config': {'distribution': 'uniform', 'scale': 1.0, 'seed': None, 'mode': 'fan_avg'}}",,,,,,,channels_last,"(1, 1)",,,
bn2b_branch2a,"(?, 55, 55, 64)",,,,,,,,,True,,3,True,"{'class_name': 'Zeros', 'config': {}}",,"{'class_name': 'Ones', 'config': {}}",,,,,0.99,"{'class_name': 'Ones', 'config': {}}",,,0.001,"{'class_name': 'Zeros', 'config': {}}",,True,,,,,,
activation_5,"(?, 55, 55, 64)",,,relu,,,,,,True,,,,,,,,,,,,,,,,,,,,,,,,
res2b_branch2b,"(?, 55, 55, 64)",64,"(3, 3)",linear,same,"(1, 1)",,,,True,True,,,,,,,"{'class_name': 'Zeros', 'config': {}}",,,,,"{'class_name': 'VarianceScaling', 'config': {'distribution': 'uniform', 'scale': 1.0, 'seed': None, 'mode': 'fan_avg'}}",,,,,,,channels_last,"(1, 1)",,,
bn2b_branch2b,"(?, 55, 55, 64)",,,,,,,,,True,,3,True,"{'class_name': 'Zeros', 'config': {}}",,"{'class_name': 'Ones', 'config': {}}",,,,,0.99,"{'class_name': 'Ones', 'config': {}}",,,0.001,"{'class_name': 'Zeros', 'config': {}}",,True,,,,,,
activation_6,"(?, 55, 55, 64)",,,relu,,,,,,True,,,,,,,,,,,,,,,,,,,,,,,,
res2b_branch2c,"(?, 55, 55, 256)",256,"(1, 1)",linear,valid,"(1, 1)",,,,True,True,,,,,,,"{'class_name': 'Zeros', 'config': {}}",,,,,"{'class_name': 'VarianceScaling', 'config': {'distribution': 'uniform', 'scale': 1.0, 'seed': None, 'mode': 'fan_avg'}}",,,,,,,channels_last,"(1, 1)",,,
bn2b_branch2c,"(?, 55, 55, 256)",,,,,,,,,True,,3,True,"{'class_name': 'Zeros', 'config': {}}",,"{'class_name': 'Ones', 'config': {}}",,,,,0.99,"{'class_name': 'Ones', 'config': {}}",,,0.001,"{'class_name': 'Zeros', 'config': {}}",,True,,,,,,
add_2,"(?, 55, 55, 256)",,,,,,,,,True,,,,,,,,,,,,,,,,,,,,,,,,
activation_7,"(?, 55, 55, 256)",,,relu,,,,,,True,,,,,,,,,,,,,,,,,,,,,,,,
res2c_branch2a,"(?, 55, 55, 64)",64,"(1, 1)",linear,valid,"(1, 1)",,,,True,True,,,,,,,"{'class_name': 'Zeros', 'config': {}}",,,,,"{'class_name': 'VarianceScaling', 'config': {'distribution': 'uniform', 'scale': 1.0, 'seed': None, 'mode': 'fan_avg'}}",,,,,,,channels_last,"(1, 1)",,,
bn2c_branch2a,"(?, 55, 55, 64)",,,,,,,,,True,,3,True,"{'class_name': 'Zeros', 'config': {}}",,"{'class_name': 'Ones', 'config': {}}",,,,,0.99,"{'class_name': 'Ones', 'config': {}}",,,0.001,"{'class_name': 'Zeros', 'config': {}}",,True,,,,,,
activation_8,"(?, 55, 55, 64)",,,relu,,,,,,True,,,,,,,,,,,,,,,,,,,,,,,,
res2c_branch2b,"(?, 55, 55, 64)",64,"(3, 3)",linear,same,"(1, 1)",,,,True,True,,,,,,,"{'class_name': 'Zeros', 'config': {}}",,,,,"{'class_name': 'VarianceScaling', 'config': {'distribution': 'uniform', 'scale': 1.0, 'seed': None, 'mode': 'fan_avg'}}",,,,,,,channels_last,"(1, 1)",,,
bn2c_branch2b,"(?, 55, 55, 64)",,,,,,,,,True,,3,True,"{'class_name': 'Zeros', 'config': {}}",,"{'class_name': 'Ones', 'config': {}}",,,,,0.99,"{'class_name': 'Ones', 'config': {}}",,,0.001,"{'class_name': 'Zeros', 'config': {}}",,True,,,,,,
activation_9,"(?, 55, 55, 64)",,,relu,,,,,,True,,,,,,,,,,,,,,,,,,,,,,,,
res2c_branch2c,"(?, 55, 55, 256)",256,"(1, 1)",linear,valid,"(1, 1)",,,,True,True,,,,,,,"{'class_name': 'Zeros', 'config': {}}",,,,,"{'class_name': 'VarianceScaling', 'config': {'distribution': 'uniform', 'scale': 1.0, 'seed': None, 'mode': 'fan_avg'}}",,,,,,,channels_last,"(1, 1)",,,
bn2c_branch2c,"(?, 55, 55, 256)",,,,,,,,,True,,3,True,"{'class_name': 'Zeros', 'config': {}}",,"{'class_name': 'Ones', 'config': {}}",,,,,0.99,"{'class_name': 'Ones', 'config': {}}",,,0.001,"{'class_name': 'Zeros', 'config': {}}",,True,,,,,,
add_3,"(?, 55, 55, 256)",,,,,,,,,True,,,,,,,,,,,,,,,,,,,,,,,,
activation_10,"(?, 55, 55, 256)",,,relu,,,,,,True,,,,,,,,,,,,,,,,,,,,,,,,
res3a_branch2a,"(?, 28, 28, 128)",128,"(1, 1)",linear,valid,"(2, 2)",,,,True,True,,,,,,,"{'class_name': 'Zeros', 'config': {}}",,,,,"{'class_name': 'VarianceScaling', 'config': {'distribution': 'uniform', 'scale': 1.0, 'seed': None, 'mode': 'fan_avg'}}",,,,,,,channels_last,"(1, 1)",,,
bn3a_branch2a,"(?, 28, 28, 128)",,,,,,,,,True,,3,True,"{'class_name': 'Zeros', 'config': {}}",,"{'class_name': 'Ones', 'config': {}}",,,,,0.99,"{'class_name': 'Ones', 'config': {}}",,,0.001,"{'class_name': 'Zeros', 'config': {}}",,True,,,,,,
activation_11,"(?, 28, 28, 128)",,,relu,,,,,,True,,,,,,,,,,,,,,,,,,,,,,,,
res3a_branch2b,"(?, 28, 28, 128)",128,"(3, 3)",linear,same,"(1, 1)",,,,True,True,,,,,,,"{'class_name': 'Zeros', 'config': {}}",,,,,"{'class_name': 'VarianceScaling', 'config': {'distribution': 'uniform', 'scale': 1.0, 'seed': None, 'mode': 'fan_avg'}}",,,,,,,channels_last,"(1, 1)",,,
bn3a_branch2b,"(?, 28, 28, 128)",,,,,,,,,True,,3,True,"{'class_name': 'Zeros', 'config': {}}",,"{'class_name': 'Ones', 'config': {}}",,,,,0.99,"{'class_name': 'Ones', 'config': {}}",,,0.001,"{'class_name': 'Zeros', 'config': {}}",,True,,,,,,
activation_12,"(?, 28, 28, 128)",,,relu,,,,,,True,,,,,,,,,,,,,,,,,,,,,,,,
res3a_branch2c,"(?, 28, 28, 512)",512,"(1, 1)",linear,valid,"(1, 1)",,,,True,True,,,,,,,"{'class_name': 'Zeros', 'config': {}}",,,,,"{'class_name': 'VarianceScaling', 'config': {'distribution': 'uniform', 'scale': 1.0, 'seed': None, 'mode': 'fan_avg'}}",,,,,,,channels_last,"(1, 1)",,,
res3a_branch1,"(?, 28, 28, 512)",512,"(1, 1)",linear,valid,"(2, 2)",,,,True,True,,,,,,,"{'class_name': 'Zeros', 'config': {}}",,,,,"{'class_name': 'VarianceScaling', 'config': {'distribution': 'uniform', 'scale': 1.0, 'seed': None, 'mode': 'fan_avg'}}",,,,,,,channels_last,"(1, 1)",,,
bn3a_branch2c,"(?, 28, 28, 512)",,,,,,,,,True,,3,True,"{'class_name': 'Zeros', 'config': {}}",,"{'class_name': 'Ones', 'config': {}}",,,,,0.99,"{'class_name': 'Ones', 'config': {}}",,,0.001,"{'class_name': 'Zeros', 'config': {}}",,True,,,,,,
bn3a_branch1,"(?, 28, 28, 512)",,,,,,,,,True,,3,True,"{'class_name': 'Zeros', 'config': {}}",,"{'class_name': 'Ones', 'config': {}}",,,,,0.99,"{'class_name': 'Ones', 'config': {}}",,,0.001,"{'class_name': 'Zeros', 'config': {}}",,True,,,,,,
add_4,"(?, 28, 28, 512)",,,,,,,,,True,,,,,,,,,,,,,,,,,,,,,,,,
activation_13,"(?, 28, 28, 512)",,,relu,,,,,,True,,,,,,,,,,,,,,,,,,,,,,,,
res3b_branch2a,"(?, 28, 28, 128)",128,"(1, 1)",linear,valid,"(1, 1)",,,,True,True,,,,,,,"{'class_name': 'Zeros', 'config': {}}",,,,,"{'class_name': 'VarianceScaling', 'config': {'distribution': 'uniform', 'scale': 1.0, 'seed': None, 'mode': 'fan_avg'}}",,,,,,,channels_last,"(1, 1)",,,
bn3b_branch2a,"(?, 28, 28, 128)",,,,,,,,,True,,3,True,"{'class_name': 'Zeros', 'config': {}}",,"{'class_name': 'Ones', 'config': {}}",,,,,0.99,"{'class_name': 'Ones', 'config': {}}",,,0.001,"{'class_name': 'Zeros', 'config': {}}",,True,,,,,,
activation_14,"(?, 28, 28, 128)",,,relu,,,,,,True,,,,,,,,,,,,,,,,,,,,,,,,
res3b_branch2b,"(?, 28, 28, 128)",128,"(3, 3)",linear,same,"(1, 1)",,,,True,True,,,,,,,"{'class_name': 'Zeros', 'config': {}}",,,,,"{'class_name': 'VarianceScaling', 'config': {'distribution': 'uniform', 'scale': 1.0, 'seed': None, 'mode': 'fan_avg'}}",,,,,,,channels_last,"(1, 1)",,,
bn3b_branch2b,"(?, 28, 28, 128)",,,,,,,,,True,,3,True,"{'class_name': 'Zeros', 'config': {}}",,"{'class_name': 'Ones', 'config': {}}",,,,,0.99,"{'class_name': 'Ones', 'config': {}}",,,0.001,"{'class_name': 'Zeros', 'config': {}}",,True,,,,,,
activation_15,"(?, 28, 28, 128)",,,relu,,,,,,True,,,,,,,,,,,,,,,,,,,,,,,,
res3b_branch2c,"(?, 28, 28, 512)",512,"(1, 1)",linear,valid,"(1, 1)",,,,True,True,,,,,,,"{'class_name': 'Zeros', 'config': {}}",,,,,"{'class_name': 'VarianceScaling', 'config': {'distribution': 'uniform', 'scale': 1.0, 'seed': None, 'mode': 'fan_avg'}}",,,,,,,channels_last,"(1, 1)",,,
bn3b_branch2c,"(?, 28, 28, 512)",,,,,,,,,True,,3,True,"{'class_name': 'Zeros', 'config': {}}",,"{'class_name': 'Ones', 'config': {}}",,,,,0.99,"{'class_name': 'Ones', 'config': {}}",,,0.001,"{'class_name': 'Zeros', 'config': {}}",,True,,,,,,
add_5,"(?, 28, 28, 512)",,,,,,,,,True,,,,,,,,,,,,,,,,,,,,,,,,
activation_16,"(?, 28, 28, 512)",,,relu,,,,,,True,,,,,,,,,,,,,,,,,,,,,,,,
res3c_branch2a,"(?, 28, 28, 128)",128,"(1, 1)",linear,valid,"(1, 1)",,,,True,True,,,,,,,"{'class_name': 'Zeros', 'config': {}}",,,,,"{'class_name': 'VarianceScaling', 'config': {'distribution': 'uniform', 'scale': 1.0, 'seed': None, 'mode': 'fan_avg'}}",,,,,,,channels_last,"(1, 1)",,,
bn3c_branch2a,"(?, 28, 28, 128)",,,,,,,,,True,,3,True,"{'class_name': 'Zeros', 'config': {}}",,"{'class_name': 'Ones', 'config': {}}",,,,,0.99,"{'class_name': 'Ones', 'config': {}}",,,0.001,"{'class_name': 'Zeros', 'config': {}}",,True,,,,,,
activation_17,"(?, 28, 28, 128)",,,relu,,,,,,True,,,,,,,,,,,,,,,,,,,,,,,,
res3c_branch2b,"(?, 28, 28, 128)",128,"(3, 3)",linear,same,"(1, 1)",,,,True,True,,,,,,,"{'class_name': 'Zeros', 'config': {}}",,,,,"{'class_name': 'VarianceScaling', 'config': {'distribution': 'uniform', 'scale': 1.0, 'seed': None, 'mode': 'fan_avg'}}",,,,,,,channels_last,"(1, 1)",,,
bn3c_branch2b,"(?, 28, 28, 128)",,,,,,,,,True,,3,True,"{'class_name': 'Zeros', 'config': {}}",,"{'class_name': 'Ones', 'config': {}}",,,,,0.99,"{'class_name': 'Ones', 'config': {}}",,,0.001,"{'class_name': 'Zeros', 'config': {}}",,True,,,,,,
activation_18,"(?, 28, 28, 128)",,,relu,,,,,,True,,,,,,,,,,,,,,,,,,,,,,,,
res3c_branch2c,"(?, 28, 28, 512)",512,"(1, 1)",linear,valid,"(1, 1)",,,,True,True,,,,,,,"{'class_name': 'Zeros', 'config': {}}",,,,,"{'class_name': 'VarianceScaling', 'config': {'distribution': 'uniform', 'scale': 1.0, 'seed': None, 'mode': 'fan_avg'}}",,,,,,,channels_last,"(1, 1)",,,
bn3c_branch2c,"(?, 28, 28, 512)",,,,,,,,,True,,3,True,"{'class_name': 'Zeros', 'config': {}}",,"{'class_name': 'Ones', 'config': {}}",,,,,0.99,"{'class_name': 'Ones', 'config': {}}",,,0.001,"{'class_name': 'Zeros', 'config': {}}",,True,,,,,,
add_6,"(?, 28, 28, 512)",,,,,,,,,True,,,,,,,,,,,,,,,,,,,,,,,,
activation_19,"(?, 28, 28, 512)",,,relu,,,,,,True,,,,,,,,,,,,,,,,,,,,,,,,
res3d_branch2a,"(?, 28, 28, 128)",128,"(1, 1)",linear,valid,"(1, 1)",,,,True,True,,,,,,,"{'class_name': 'Zeros', 'config': {}}",,,,,"{'class_name': 'VarianceScaling', 'config': {'distribution': 'uniform', 'scale': 1.0, 'seed': None, 'mode': 'fan_avg'}}",,,,,,,channels_last,"(1, 1)",,,
bn3d_branch2a,"(?, 28, 28, 128)",,,,,,,,,True,,3,True,"{'class_name': 'Zeros', 'config': {}}",,"{'class_name': 'Ones', 'config': {}}",,,,,0.99,"{'class_name': 'Ones', 'config': {}}",,,0.001,"{'class_name': 'Zeros', 'config': {}}",,True,,,,,,
activation_20,"(?, 28, 28, 128)",,,relu,,,,,,True,,,,,,,,,,,,,,,,,,,,,,,,
res3d_branch2b,"(?, 28, 28, 128)",128,"(3, 3)",linear,same,"(1, 1)",,,,True,True,,,,,,,"{'class_name': 'Zeros', 'config': {}}",,,,,"{'class_name': 'VarianceScaling', 'config': {'distribution': 'uniform', 'scale': 1.0, 'seed': None, 'mode': 'fan_avg'}}",,,,,,,channels_last,"(1, 1)",,,
bn3d_branch2b,"(?, 28, 28, 128)",,,,,,,,,True,,3,True,"{'class_name': 'Zeros', 'config': {}}",,"{'class_name': 'Ones', 'config': {}}",,,,,0.99,"{'class_name': 'Ones', 'config': {}}",,,0.001,"{'class_name': 'Zeros', 'config': {}}",,True,,,,,,
activation_21,"(?, 28, 28, 128)",,,relu,,,,,,True,,,,,,,,,,,,,,,,,,,,,,,,
res3d_branch2c,"(?, 28, 28, 512)",512,"(1, 1)",linear,valid,"(1, 1)",,,,True,True,,,,,,,"{'class_name': 'Zeros', 'config': {}}",,,,,"{'class_name': 'VarianceScaling', 'config': {'distribution': 'uniform', 'scale': 1.0, 'seed': None, 'mode': 'fan_avg'}}",,,,,,,channels_last,"(1, 1)",,,
bn3d_branch2c,"(?, 28, 28, 512)",,,,,,,,,True,,3,True,"{'class_name': 'Zeros', 'config': {}}",,"{'class_name': 'Ones', 'config': {}}",,,,,0.99,"{'class_name': 'Ones', 'config': {}}",,,0.001,"{'class_name': 'Zeros', 'config': {}}",,True,,,,,,
add_7,"(?, 28, 28, 512)",,,,,,,,,True,,,,,,,,,,,,,,,,,,,,,,,,
activation_22,"(?, 28, 28, 512)",,,relu,,,,,,True,,,,,,,,,,,,,,,,,,,,,,,,
res4a_branch2a,"(?, 14, 14, 256)",256,"(1, 1)",linear,valid,"(2, 2)",,,,True,True,,,,,,,"{'class_name': 'Zeros', 'config': {}}",,,,,"{'class_name': 'VarianceScaling', 'config': {'distribution': 'uniform', 'scale': 1.0, 'seed': None, 'mode': 'fan_avg'}}",,,,,,,channels_last,"(1, 1)",,,
bn4a_branch2a,"(?, 14, 14, 256)",,,,,,,,,True,,3,True,"{'class_name': 'Zeros', 'config': {}}",,"{'class_name': 'Ones', 'config': {}}",,,,,0.99,"{'class_name': 'Ones', 'config': {}}",,,0.001,"{'class_name': 'Zeros', 'config': {}}",,True,,,,,,
activation_23,"(?, 14, 14, 256)",,,relu,,,,,,True,,,,,,,,,,,,,,,,,,,,,,,,
res4a_branch2b,"(?, 14, 14, 256)",256,"(3, 3)",linear,same,"(1, 1)",,,,True,True,,,,,,,"{'class_name': 'Zeros', 'config': {}}",,,,,"{'class_name': 'VarianceScaling', 'config': {'distribution': 'uniform', 'scale': 1.0, 'seed': None, 'mode': 'fan_avg'}}",,,,,,,channels_last,"(1, 1)",,,
bn4a_branch2b,"(?, 14, 14, 256)",,,,,,,,,True,,3,True,"{'class_name': 'Zeros', 'config': {}}",,"{'class_name': 'Ones', 'config': {}}",,,,,0.99,"{'class_name': 'Ones', 'config': {}}",,,0.001,"{'class_name': 'Zeros', 'config': {}}",,True,,,,,,
activation_24,"(?, 14, 14, 256)",,,relu,,,,,,True,,,,,,,,,,,,,,,,,,,,,,,,
res4a_branch2c,"(?, 14, 14, 1024)",1024,"(1, 1)",linear,valid,"(1, 1)",,,,True,True,,,,,,,"{'class_name': 'Zeros', 'config': {}}",,,,,"{'class_name': 'VarianceScaling', 'config': {'distribution': 'uniform', 'scale': 1.0, 'seed': None, 'mode': 'fan_avg'}}",,,,,,,channels_last,"(1, 1)",,,
res4a_branch1,"(?, 14, 14, 1024)",1024,"(1, 1)",linear,valid,"(2, 2)",,,,True,True,,,,,,,"{'class_name': 'Zeros', 'config': {}}",,,,,"{'class_name': 'VarianceScaling', 'config': {'distribution': 'uniform', 'scale': 1.0, 'seed': None, 'mode': 'fan_avg'}}",,,,,,,channels_last,"(1, 1)",,,
bn4a_branch2c,"(?, 14, 14, 1024)",,,,,,,,,True,,3,True,"{'class_name': 'Zeros', 'config': {}}",,"{'class_name': 'Ones', 'config': {}}",,,,,0.99,"{'class_name': 'Ones', 'config': {}}",,,0.001,"{'class_name': 'Zeros', 'config': {}}",,True,,,,,,
bn4a_branch1,"(?, 14, 14, 1024)",,,,,,,,,True,,3,True,"{'class_name': 'Zeros', 'config': {}}",,"{'class_name': 'Ones', 'config': {}}",,,,,0.99,"{'class_name': 'Ones', 'config': {}}",,,0.001,"{'class_name': 'Zeros', 'config': {}}",,True,,,,,,
add_8,"(?, 14, 14, 1024)",,,,,,,,,True,,,,,,,,,,,,,,,,,,,,,,,,
activation_25,"(?, 14, 14, 1024)",,,relu,,,,,,True,,,,,,,,,,,,,,,,,,,,,,,,
res4b_branch2a,"(?, 14, 14, 256)",256,"(1, 1)",linear,valid,"(1, 1)",,,,True,True,,,,,,,"{'class_name': 'Zeros', 'config': {}}",,,,,"{'class_name': 'VarianceScaling', 'config': {'distribution': 'uniform', 'scale': 1.0, 'seed': None, 'mode': 'fan_avg'}}",,,,,,,channels_last,"(1, 1)",,,
bn4b_branch2a,"(?, 14, 14, 256)",,,,,,,,,True,,3,True,"{'class_name': 'Zeros', 'config': {}}",,"{'class_name': 'Ones', 'config': {}}",,,,,0.99,"{'class_name': 'Ones', 'config': {}}",,,0.001,"{'class_name': 'Zeros', 'config': {}}",,True,,,,,,
activation_26,"(?, 14, 14, 256)",,,relu,,,,,,True,,,,,,,,,,,,,,,,,,,,,,,,
res4b_branch2b,"(?, 14, 14, 256)",256,"(3, 3)",linear,same,"(1, 1)",,,,True,True,,,,,,,"{'class_name': 'Zeros', 'config': {}}",,,,,"{'class_name': 'VarianceScaling', 'config': {'distribution': 'uniform', 'scale': 1.0, 'seed': None, 'mode': 'fan_avg'}}",,,,,,,channels_last,"(1, 1)",,,
bn4b_branch2b,"(?, 14, 14, 256)",,,,,,,,,True,,3,True,"{'class_name': 'Zeros', 'config': {}}",,"{'class_name': 'Ones', 'config': {}}",,,,,0.99,"{'class_name': 'Ones', 'config': {}}",,,0.001,"{'class_name': 'Zeros', 'config': {}}",,True,,,,,,
activation_27,"(?, 14, 14, 256)",,,relu,,,,,,True,,,,,,,,,,,,,,,,,,,,,,,,
res4b_branch2c,"(?, 14, 14, 1024)",1024,"(1, 1)",linear,valid,"(1, 1)",,,,True,True,,,,,,,"{'class_name': 'Zeros', 'config': {}}",,,,,"{'class_name': 'VarianceScaling', 'config': {'distribution': 'uniform', 'scale': 1.0, 'seed': None, 'mode': 'fan_avg'}}",,,,,,,channels_last,"(1, 1)",,,
bn4b_branch2c,"(?, 14, 14, 1024)",,,,,,,,,True,,3,True,"{'class_name': 'Zeros', 'config': {}}",,"{'class_name': 'Ones', 'config': {}}",,,,,0.99,"{'class_name': 'Ones', 'config': {}}",,,0.001,"{'class_name': 'Zeros', 'config': {}}",,True,,,,,,
add_9,"(?, 14, 14, 1024)",,,,,,,,,True,,,,,,,,,,,,,,,,,,,,,,,,
activation_28,"(?, 14, 14, 1024)",,,relu,,,,,,True,,,,,,,,,,,,,,,,,,,,,,,,
res4c_branch2a,"(?, 14, 14, 256)",256,"(1, 1)",linear,valid,"(1, 1)",,,,True,True,,,,,,,"{'class_name': 'Zeros', 'config': {}}",,,,,"{'class_name': 'VarianceScaling', 'config': {'distribution': 'uniform', 'scale': 1.0, 'seed': None, 'mode': 'fan_avg'}}",,,,,,,channels_last,"(1, 1)",,,
bn4c_branch2a,"(?, 14, 14, 256)",,,,,,,,,True,,3,True,"{'class_name': 'Zeros', 'config': {}}",,"{'class_name': 'Ones', 'config': {}}",,,,,0.99,"{'class_name': 'Ones', 'config': {}}",,,0.001,"{'class_name': 'Zeros', 'config': {}}",,True,,,,,,
activation_29,"(?, 14, 14, 256)",,,relu,,,,,,True,,,,,,,,,,,,,,,,,,,,,,,,
res4c_branch2b,"(?, 14, 14, 256)",256,"(3, 3)",linear,same,"(1, 1)",,,,True,True,,,,,,,"{'class_name': 'Zeros', 'config': {}}",,,,,"{'class_name': 'VarianceScaling', 'config': {'distribution': 'uniform', 'scale': 1.0, 'seed': None, 'mode': 'fan_avg'}}",,,,,,,channels_last,"(1, 1)",,,
bn4c_branch2b,"(?, 14, 14, 256)",,,,,,,,,True,,3,True,"{'class_name': 'Zeros', 'config': {}}",,"{'class_name': 'Ones', 'config': {}}",,,,,0.99,"{'class_name': 'Ones', 'config': {}}",,,0.001,"{'class_name': 'Zeros', 'config': {}}",,True,,,,,,
activation_30,"(?, 14, 14, 256)",,,relu,,,,,,True,,,,,,,,,,,,,,,,,,,,,,,,
res4c_branch2c,"(?, 14, 14, 1024)",1024,"(1, 1)",linear,valid,"(1, 1)",,,,True,True,,,,,,,"{'class_name': 'Zeros', 'config': {}}",,,,,"{'class_name': 'VarianceScaling', 'config': {'distribution': 'uniform', 'scale': 1.0, 'seed': None, 'mode': 'fan_avg'}}",,,,,,,channels_last,"(1, 1)",,,
bn4c_branch2c,"(?, 14, 14, 1024)",,,,,,,,,True,,3,True,"{'class_name': 'Zeros', 'config': {}}",,"{'class_name': 'Ones', 'config': {}}",,,,,0.99,"{'class_name': 'Ones', 'config': {}}",,,0.001,"{'class_name': 'Zeros', 'config': {}}",,True,,,,,,
add_10,"(?, 14, 14, 1024)",,,,,,,,,True,,,,,,,,,,,,,,,,,,,,,,,,
activation_31,"(?, 14, 14, 1024)",,,relu,,,,,,True,,,,,,,,,,,,,,,,,,,,,,,,
res4d_branch2a,"(?, 14, 14, 256)",256,"(1, 1)",linear,valid,"(1, 1)",,,,True,True,,,,,,,"{'class_name': 'Zeros', 'config': {}}",,,,,"{'class_name': 'VarianceScaling', 'config': {'distribution': 'uniform', 'scale': 1.0, 'seed': None, 'mode': 'fan_avg'}}",,,,,,,channels_last,"(1, 1)",,,
bn4d_branch2a,"(?, 14, 14, 256)",,,,,,,,,True,,3,True,"{'class_name': 'Zeros', 'config': {}}",,"{'class_name': 'Ones', 'config': {}}",,,,,0.99,"{'class_name': 'Ones', 'config': {}}",,,0.001,"{'class_name': 'Zeros', 'config': {}}",,True,,,,,,
activation_32,"(?, 14, 14, 256)",,,relu,,,,,,True,,,,,,,,,,,,,,,,,,,,,,,,
res4d_branch2b,"(?, 14, 14, 256)",256,"(3, 3)",linear,same,"(1, 1)",,,,True,True,,,,,,,"{'class_name': 'Zeros', 'config': {}}",,,,,"{'class_name': 'VarianceScaling', 'config': {'distribution': 'uniform', 'scale': 1.0, 'seed': None, 'mode': 'fan_avg'}}",,,,,,,channels_last,"(1, 1)",,,
bn4d_branch2b,"(?, 14, 14, 256)",,,,,,,,,True,,3,True,"{'class_name': 'Zeros', 'config': {}}",,"{'class_name': 'Ones', 'config': {}}",,,,,0.99,"{'class_name': 'Ones', 'config': {}}",,,0.001,"{'class_name': 'Zeros', 'config': {}}",,True,,,,,,
activation_33,"(?, 14, 14, 256)",,,relu,,,,,,True,,,,,,,,,,,,,,,,,,,,,,,,
res4d_branch2c,"(?, 14, 14, 1024)",1024,"(1, 1)",linear,valid,"(1, 1)",,,,True,True,,,,,,,"{'class_name': 'Zeros', 'config': {}}",,,,,"{'class_name': 'VarianceScaling', 'config': {'distribution': 'uniform', 'scale': 1.0, 'seed': None, 'mode': 'fan_avg'}}",,,,,,,channels_last,"(1, 1)",,,
bn4d_branch2c,"(?, 14, 14, 1024)",,,,,,,,,True,,3,True,"{'class_name': 'Zeros', 'config': {}}",,"{'class_name': 'Ones', 'config': {}}",,,,,0.99,"{'class_name': 'Ones', 'config': {}}",,,0.001,"{'class_name': 'Zeros', 'config': {}}",,True,,,,,,
add_11,"(?, 14, 14, 1024)",,,,,,,,,True,,,,,,,,,,,,,,,,,,,,,,,,
activation_34,"(?, 14, 14, 1024)",,,relu,,,,,,True,,,,,,,,,,,,,,,,,,,,,,,,
res4e_branch2a,"(?, 14, 14, 256)",256,"(1, 1)",linear,valid,"(1, 1)",,,,True,True,,,,,,,"{'class_name': 'Zeros', 'config': {}}",,,,,"{'class_name': 'VarianceScaling', 'config': {'distribution': 'uniform', 'scale': 1.0, 'seed': None, 'mode': 'fan_avg'}}",,,,,,,channels_last,"(1, 1)",,,
bn4e_branch2a,"(?, 14, 14, 256)",,,,,,,,,True,,3,True,"{'class_name': 'Zeros', 'config': {}}",,"{'class_name': 'Ones', 'config': {}}",,,,,0.99,"{'class_name': 'Ones', 'config': {}}",,,0.001,"{'class_name': 'Zeros', 'config': {}}",,True,,,,,,
activation_35,"(?, 14, 14, 256)",,,relu,,,,,,True,,,,,,,,,,,,,,,,,,,,,,,,
res4e_branch2b,"(?, 14, 14, 256)",256,"(3, 3)",linear,same,"(1, 1)",,,,True,True,,,,,,,"{'class_name': 'Zeros', 'config': {}}",,,,,"{'class_name': 'VarianceScaling', 'config': {'distribution': 'uniform', 'scale': 1.0, 'seed': None, 'mode': 'fan_avg'}}",,,,,,,channels_last,"(1, 1)",,,
bn4e_branch2b,"(?, 14, 14, 256)",,,,,,,,,True,,3,True,"{'class_name': 'Zeros', 'config': {}}",,"{'class_name': 'Ones', 'config': {}}",,,,,0.99,"{'class_name': 'Ones', 'config': {}}",,,0.001,"{'class_name': 'Zeros', 'config': {}}",,True,,,,,,
activation_36,"(?, 14, 14, 256)",,,relu,,,,,,True,,,,,,,,,,,,,,,,,,,,,,,,
res4e_branch2c,"(?, 14, 14, 1024)",1024,"(1, 1)",linear,valid,"(1, 1)",,,,True,True,,,,,,,"{'class_name': 'Zeros', 'config': {}}",,,,,"{'class_name': 'VarianceScaling', 'config': {'distribution': 'uniform', 'scale': 1.0, 'seed': None, 'mode': 'fan_avg'}}",,,,,,,channels_last,"(1, 1)",,,
bn4e_branch2c,"(?, 14, 14, 1024)",,,,,,,,,True,,3,True,"{'class_name': 'Zeros', 'config': {}}",,"{'class_name': 'Ones', 'config': {}}",,,,,0.99,"{'class_name': 'Ones', 'config': {}}",,,0.001,"{'class_name': 'Zeros', 'config': {}}",,True,,,,,,
add_12,"(?, 14, 14, 1024)",,,,,,,,,True,,,,,,,,,,,,,,,,,,,,,,,,
activation_37,"(?, 14, 14, 1024)",,,relu,,,,,,True,,,,,,,,,,,,,,,,,,,,,,,,
res4f_branch2a,"(?, 14, 14, 256)",256,"(1, 1)",linear,valid,"(1, 1)",,,,True,True,,,,,,,"{'class_name': 'Zeros', 'config': {}}",,,,,"{'class_name': 'VarianceScaling', 'config': {'distribution': 'uniform', 'scale': 1.0, 'seed': None, 'mode': 'fan_avg'}}",,,,,,,channels_last,"(1, 1)",,,
bn4f_branch2a,"(?, 14, 14, 256)",,,,,,,,,True,,3,True,"{'class_name': 'Zeros', 'config': {}}",,"{'class_name': 'Ones', 'config': {}}",,,,,0.99,"{'class_name': 'Ones', 'config': {}}",,,0.001,"{'class_name': 'Zeros', 'config': {}}",,True,,,,,,
activation_38,"(?, 14, 14, 256)",,,relu,,,,,,True,,,,,,,,,,,,,,,,,,,,,,,,
res4f_branch2b,"(?, 14, 14, 256)",256,"(3, 3)",linear,same,"(1, 1)",,,,True,True,,,,,,,"{'class_name': 'Zeros', 'config': {}}",,,,,"{'class_name': 'VarianceScaling', 'config': {'distribution': 'uniform', 'scale': 1.0, 'seed': None, 'mode': 'fan_avg'}}",,,,,,,channels_last,"(1, 1)",,,
bn4f_branch2b,"(?, 14, 14, 256)",,,,,,,,,True,,3,True,"{'class_name': 'Zeros', 'config': {}}",,"{'class_name': 'Ones', 'config': {}}",,,,,0.99,"{'class_name': 'Ones', 'config': {}}",,,0.001,"{'class_name': 'Zeros', 'config': {}}",,True,,,,,,
activation_39,"(?, 14, 14, 256)",,,relu,,,,,,True,,,,,,,,,,,,,,,,,,,,,,,,
res4f_branch2c,"(?, 14, 14, 1024)",1024,"(1, 1)",linear,valid,"(1, 1)",,,,True,True,,,,,,,"{'class_name': 'Zeros', 'config': {}}",,,,,"{'class_name': 'VarianceScaling', 'config': {'distribution': 'uniform', 'scale': 1.0, 'seed': None, 'mode': 'fan_avg'}}",,,,,,,channels_last,"(1, 1)",,,
bn4f_branch2c,"(?, 14, 14, 1024)",,,,,,,,,True,,3,True,"{'class_name': 'Zeros', 'config': {}}",,"{'class_name': 'Ones', 'config': {}}",,,,,0.99,"{'class_name': 'Ones', 'config': {}}",,,0.001,"{'class_name': 'Zeros', 'config': {}}",,True,,,,,,
add_13,"(?, 14, 14, 1024)",,,,,,,,,True,,,,,,,,,,,,,,,,,,,,,,,,
activation_40,"(?, 14, 14, 1024)",,,relu,,,,,,True,,,,,,,,,,,,,,,,,,,,,,,,
res5a_branch2a,"(?, 7, 7, 512)",512,"(1, 1)",linear,valid,"(2, 2)",,,,True,True,,,,,,,"{'class_name': 'Zeros', 'config': {}}",,,,,"{'class_name': 'VarianceScaling', 'config': {'distribution': 'uniform', 'scale': 1.0, 'seed': None, 'mode': 'fan_avg'}}",,,,,,,channels_last,"(1, 1)",,,
bn5a_branch2a,"(?, 7, 7, 512)",,,,,,,,,True,,3,True,"{'class_name': 'Zeros', 'config': {}}",,"{'class_name': 'Ones', 'config': {}}",,,,,0.99,"{'class_name': 'Ones', 'config': {}}",,,0.001,"{'class_name': 'Zeros', 'config': {}}",,True,,,,,,
activation_41,"(?, 7, 7, 512)",,,relu,,,,,,True,,,,,,,,,,,,,,,,,,,,,,,,
res5a_branch2b,"(?, 7, 7, 512)",512,"(3, 3)",linear,same,"(1, 1)",,,,True,True,,,,,,,"{'class_name': 'Zeros', 'config': {}}",,,,,"{'class_name': 'VarianceScaling', 'config': {'distribution': 'uniform', 'scale': 1.0, 'seed': None, 'mode': 'fan_avg'}}",,,,,,,channels_last,"(1, 1)",,,
bn5a_branch2b,"(?, 7, 7, 512)",,,,,,,,,True,,3,True,"{'class_name': 'Zeros', 'config': {}}",,"{'class_name': 'Ones', 'config': {}}",,,,,0.99,"{'class_name': 'Ones', 'config': {}}",,,0.001,"{'class_name': 'Zeros', 'config': {}}",,True,,,,,,
activation_42,"(?, 7, 7, 512)",,,relu,,,,,,True,,,,,,,,,,,,,,,,,,,,,,,,
res5a_branch2c,"(?, 7, 7, 2048)",2048,"(1, 1)",linear,valid,"(1, 1)",,,,True,True,,,,,,,"{'class_name': 'Zeros', 'config': {}}",,,,,"{'class_name': 'VarianceScaling', 'config': {'distribution': 'uniform', 'scale': 1.0, 'seed': None, 'mode': 'fan_avg'}}",,,,,,,channels_last,"(1, 1)",,,
res5a_branch1,"(?, 7, 7, 2048)",2048,"(1, 1)",linear,valid,"(2, 2)",,,,True,True,,,,,,,"{'class_name': 'Zeros', 'config': {}}",,,,,"{'class_name': 'VarianceScaling', 'config': {'distribution': 'uniform', 'scale': 1.0, 'seed': None, 'mode': 'fan_avg'}}",,,,,,,channels_last,"(1, 1)",,,
bn5a_branch2c,"(?, 7, 7, 2048)",,,,,,,,,True,,3,True,"{'class_name': 'Zeros', 'config': {}}",,"{'class_name': 'Ones', 'config': {}}",,,,,0.99,"{'class_name': 'Ones', 'config': {}}",,,0.001,"{'class_name': 'Zeros', 'config': {}}",,True,,,,,,
bn5a_branch1,"(?, 7, 7, 2048)",,,,,,,,,True,,3,True,"{'class_name': 'Zeros', 'config': {}}",,"{'class_name': 'Ones', 'config': {}}",,,,,0.99,"{'class_name': 'Ones', 'config': {}}",,,0.001,"{'class_name': 'Zeros', 'config': {}}",,True,,,,,,
add_14,"(?, 7, 7, 2048)",,,,,,,,,True,,,,,,,,,,,,,,,,,,,,,,,,
activation_43,"(?, 7, 7, 2048)",,,relu,,,,,,True,,,,,,,,,,,,,,,,,,,,,,,,
res5b_branch2a,"(?, 7, 7, 512)",512,"(1, 1)",linear,valid,"(1, 1)",,,,True,True,,,,,,,"{'class_name': 'Zeros', 'config': {}}",,,,,"{'class_name': 'VarianceScaling', 'config': {'distribution': 'uniform', 'scale': 1.0, 'seed': None, 'mode': 'fan_avg'}}",,,,,,,channels_last,"(1, 1)",,,
bn5b_branch2a,"(?, 7, 7, 512)",,,,,,,,,True,,3,True,"{'class_name': 'Zeros', 'config': {}}",,"{'class_name': 'Ones', 'config': {}}",,,,,0.99,"{'class_name': 'Ones', 'config': {}}",,,0.001,"{'class_name': 'Zeros', 'config': {}}",,True,,,,,,
activation_44,"(?, 7, 7, 512)",,,relu,,,,,,True,,,,,,,,,,,,,,,,,,,,,,,,
res5b_branch2b,"(?, 7, 7, 512)",512,"(3, 3)",linear,same,"(1, 1)",,,,True,True,,,,,,,"{'class_name': 'Zeros', 'config': {}}",,,,,"{'class_name': 'VarianceScaling', 'config': {'distribution': 'uniform', 'scale': 1.0, 'seed': None, 'mode': 'fan_avg'}}",,,,,,,channels_last,"(1, 1)",,,
bn5b_branch2b,"(?, 7, 7, 512)",,,,,,,,,True,,3,True,"{'class_name': 'Zeros', 'config': {}}",,"{'class_name': 'Ones', 'config': {}}",,,,,0.99,"{'class_name': 'Ones', 'config': {}}",,,0.001,"{'class_name': 'Zeros', 'config': {}}",,True,,,,,,
activation_45,"(?, 7, 7, 512)",,,relu,,,,,,True,,,,,,,,,,,,,,,,,,,,,,,,
res5b_branch2c,"(?, 7, 7, 2048)",2048,"(1, 1)",linear,valid,"(1, 1)",,,,True,True,,,,,,,"{'class_name': 'Zeros', 'config': {}}",,,,,"{'class_name': 'VarianceScaling', 'config': {'distribution': 'uniform', 'scale': 1.0, 'seed': None, 'mode': 'fan_avg'}}",,,,,,,channels_last,"(1, 1)",,,
bn5b_branch2c,"(?, 7, 7, 2048)",,,,,,,,,True,,3,True,"{'class_name': 'Zeros', 'config': {}}",,"{'class_name': 'Ones', 'config': {}}",,,,,0.99,"{'class_name': 'Ones', 'config': {}}",,,0.001,"{'class_name': 'Zeros', 'config': {}}",,True,,,,,,
add_15,"(?, 7, 7, 2048)",,,,,,,,,True,,,,,,,,,,,,,,,,,,,,,,,,
activation_46,"(?, 7, 7, 2048)",,,relu,,,,,,True,,,,,,,,,,,,,,,,,,,,,,,,
res5c_branch2a,"(?, 7, 7, 512)",512,"(1, 1)",linear,valid,"(1, 1)",,,,True,True,,,,,,,"{'class_name': 'Zeros', 'config': {}}",,,,,"{'class_name': 'VarianceScaling', 'config': {'distribution': 'uniform', 'scale': 1.0, 'seed': None, 'mode': 'fan_avg'}}",,,,,,,channels_last,"(1, 1)",,,
bn5c_branch2a,"(?, 7, 7, 512)",,,,,,,,,True,,3,True,"{'class_name': 'Zeros', 'config': {}}",,"{'class_name': 'Ones', 'config': {}}",,,,,0.99,"{'class_name': 'Ones', 'config': {}}",,,0.001,"{'class_name': 'Zeros', 'config': {}}",,True,,,,,,
activation_47,"(?, 7, 7, 512)",,,relu,,,,,,True,,,,,,,,,,,,,,,,,,,,,,,,
res5c_branch2b,"(?, 7, 7, 512)",512,"(3, 3)",linear,same,"(1, 1)",,,,True,True,,,,,,,"{'class_name': 'Zeros', 'config': {}}",,,,,"{'class_name': 'VarianceScaling', 'config': {'distribution': 'uniform', 'scale': 1.0, 'seed': None, 'mode': 'fan_avg'}}",,,,,,,channels_last,"(1, 1)",,,
bn5c_branch2b,"(?, 7, 7, 512)",,,,,,,,,True,,3,True,"{'class_name': 'Zeros', 'config': {}}",,"{'class_name': 'Ones', 'config': {}}",,,,,0.99,"{'class_name': 'Ones', 'config': {}}",,,0.001,"{'class_name': 'Zeros', 'config': {}}",,True,,,,,,
activation_48,"(?, 7, 7, 512)",,,relu,,,,,,True,,,,,,,,,,,,,,,,,,,,,,,,
res5c_branch2c,"(?, 7, 7, 2048)",2048,"(1, 1)",linear,valid,"(1, 1)",,,,True,True,,,,,,,"{'class_name': 'Zeros', 'config': {}}",,,,,"{'class_name': 'VarianceScaling', 'config': {'distribution': 'uniform', 'scale': 1.0, 'seed': None, 'mode': 'fan_avg'}}",,,,,,,channels_last,"(1, 1)",,,
bn5c_branch2c,"(?, 7, 7, 2048)",,,,,,,,,True,,3,True,"{'class_name': 'Zeros', 'config': {}}",,"{'class_name': 'Ones', 'config': {}}",,,,,0.99,"{'class_name': 'Ones', 'config': {}}",,,0.001,"{'class_name': 'Zeros', 'config': {}}",,True,,,,,,
add_16,"(?, 7, 7, 2048)",,,,,,,,,True,,,,,,,,,,,,,,,,,,,,,,,,
activation_49,"(?, 7, 7, 2048)",,,relu,,,,,,True,,,,,,,,,,,,,,,,,,,,,,,,
avg_pool,"(?, 1, 1, 2048)",,,,valid,"(7, 7)","(7, 7)",,,True,,,,,,,,,,,,,,,,,,,,channels_last,,,,
flatten_1,"(?, ?)",,,,,,,,,True,,,,,,,,,,,,,,,,,,,,channels_last,,,,
fc1000,"(?, 1000)",,,softmax,,,,1000,,True,True,,,,,,,"{'class_name': 'Zeros', 'config': {}}",,,,,"{'class_name': 'VarianceScaling', 'config': {'distribution': 'uniform', 'scale': 1.0, 'seed': None, 'mode': 'fan_avg'}}",,,,,,,,,,,
